DateTime,Soil Moisture,Environment Temperature,Environment Humidity,Environment Light Intensity,Crop
2024-09-27 12:00:00,59.46,16.3,64.14,47.88,Wheat
2024-09-27 12:01:00,59.52,26.59,61.9,59.26,Barley
2024-09-27 12:02:00,48.62,25.63,72.69,39.35,Barley
2024-09-27 12:03:00,67.26,28.1,92.44,47.95,Rice
2024-09-27 12:04:00,52.55,20.95,66.42,67.53,Barley
2024-09-27 12:05:00,74.44,27.31,88.59,54.7,Sugarcane
2024-09-27 12:06:00,49.88,25.79,69.78,32.05,Barley
2024-09-27 12:07:00,51.75,25.99,55.51,84.43,Maize
2024-09-27 12:08:00,63.35,19.96,64.38,42.21,Wheat
2024-09-27 12:09:00,57.71,17.34,67.2,44.77,Wheat
2024-09-27 12:10:00,76.64,27.48,89.28,58.44,Sugarcane
2024-09-27 12:11:00,58.33,24.24,58.65,30.83,Wheat
2024-09-27 12:12:00,67.92,24.56,81.82,47.41,Rice
2024-09-27 12:13:00,49.37,31.21,49.34,86.07,Cotton
2024-09-27 12:14:00,48.37,31.85,33.83,78.06,Cotton
2024-09-27 12:15:00,53.05,30.42,57.41,84.03,Maize
2024-09-27 12:16:00,66.56,24.06,97.91,49.22,Rice
2024-09-27 12:17:00,70.09,27.82,96.28,42.69,Rice
2024-09-27 12:18:00,58.47,23.45,55.48,49.04,Wheat
2024-09-27 12:19:00,76.5,29.12,97.18,51.08,Sugarcane
2024-09-27 12:20:00,61.32,18.15,53.71,43.47,Wheat
2024-09-27 12:21:00,58.16,26.07,65.49,51.25,Barley
2024-09-27 12:22:00,78.9,29.13,91.24,53.78,Sugarcane
2024-09-27 12:23:00,57.6,28.28,49.88,83.75,Maize
2024-09-27 12:24:00,59.94,27.95,46.95,93.18,Maize
2024-09-27 12:25:00,45.21,30.26,48.36,78.62,Cotton
2024-09-27 12:26:00,40.94,33.87,34.61,89.13,Cotton
2024-09-27 12:27:00,71.34,26.75,82.73,44.97,Rice
2024-09-27 12:28:00,48.28,23.14,65.93,68.95,Barley
2024-09-27 12:29:00,57.45,18.35,62.46,45.61,Wheat
2024-09-27 12:30:00,57.06,17.67,64.85,49.26,Wheat
2024-09-27 12:31:00,57.85,33.32,41.39,93.82,Maize
2024-09-27 12:32:00,48.66,33.39,40.78,99.31,Cotton
2024-09-27 12:33:00,56.07,21.33,69.39,41.89,Wheat
2024-09-27 12:34:00,42.14,32.18,32.63,80.63,Cotton
2024-09-27 12:35:00,71.75,30.52,85.1,61.91,Sugarcane
2024-09-27 12:36:00,60.37,24.44,58.39,49.73,Wheat
2024-09-27 12:37:00,76.31,27.48,93.99,55.0,Sugarcane
2024-09-27 12:38:00,59.95,24.37,56.5,32.73,Wheat
2024-09-27 12:39:00,71.77,28.21,92.5,50.14,Sugarcane
2024-09-27 12:40:00,66.85,29.12,81.67,49.97,Rice
2024-09-27 12:41:00,76.17,27.76,89.04,62.7,Sugarcane
2024-09-27 12:42:00,48.83,32.46,46.22,87.49,Cotton
2024-09-27 12:43:00,54.16,30.07,34.14,76.08,Cotton
2024-09-27 12:44:00,56.37,22.97,56.92,46.12,Wheat
2024-09-27 12:45:00,76.59,31.21,99.89,65.04,Sugarcane
2024-09-27 12:46:00,54.12,29.91,58.04,62.34,Barley
2024-09-27 12:47:00,69.17,26.14,96.26,43.29,Rice
2024-09-27 12:48:00,47.13,33.69,35.65,77.53,Cotton
2024-09-27 12:49:00,71.33,29.02,80.9,46.98,Rice
2024-09-27 12:50:00,68.39,26.04,97.94,40.36,Rice
2024-09-27 12:51:00,62.76,23.74,55.38,37.88,Wheat
2024-09-27 12:52:00,53.33,31.94,30.58,88.97,Cotton
2024-09-27 12:53:00,48.06,22.75,65.2,62.59,Barley
2024-09-27 12:54:00,55.5,32.84,47.92,73.55,Maize
2024-09-27 12:55:00,40.29,33.23,44.84,92.16,Cotton
2024-09-27 12:56:00,77.65,29.49,99.95,59.22,Sugarcane
2024-09-27 12:57:00,54.71,30.1,48.82,90.4,Cotton
2024-09-27 12:58:00,48.0,34.45,45.61,87.93,Cotton
2024-09-27 12:59:00,63.74,23.51,69.75,30.87,Wheat
2024-09-27 13:00:00,77.15,30.1,85.34,68.41,Sugarcane
2024-09-27 13:01:00,58.41,33.42,50.25,91.94,Maize
2024-09-27 13:02:00,71.43,29.43,87.94,58.71,Sugarcane
2024-09-27 13:03:00,67.52,26.84,92.12,46.03,Rice
2024-09-27 13:04:00,56.81,23.84,51.04,30.51,Wheat
2024-09-27 13:05:00,59.94,26.45,68.17,47.68,Barley
2024-09-27 13:06:00,53.5,34.82,46.96,81.22,Cotton
2024-09-27 13:07:00,59.52,23.29,58.19,47.36,Wheat
2024-09-27 13:08:00,58.26,26.97,54.16,93.25,Maize
2024-09-27 13:09:00,47.28,31.23,43.33,79.2,Cotton
2024-09-27 13:10:00,66.82,28.27,92.64,57.47,Rice
2024-09-27 13:11:00,68.31,26.25,89.09,43.42,Rice
2024-09-27 13:12:00,79.17,31.33,92.82,61.92,Sugarcane
2024-09-27 13:13:00,55.78,22.32,70.92,62.83,Barley
2024-09-27 13:14:00,55.75,21.55,59.25,30.66,Barley
2024-09-27 13:15:00,58.98,24.71,68.87,32.97,Wheat
2024-09-27 13:16:00,50.59,29.73,69.78,50.56,Barley
2024-09-27 13:17:00,44.18,31.51,48.04,88.2,Cotton
2024-09-27 13:18:00,46.25,27.62,59.36,62.23,Barley
2024-09-27 13:19:00,67.42,28.84,83.04,58.95,Rice
2024-09-27 13:20:00,55.66,21.28,61.64,43.18,Wheat
2024-09-27 13:21:00,54.93,29.89,69.66,58.38,Barley
2024-09-27 13:22:00,53.99,26.28,42.28,95.69,Maize
2024-09-27 13:23:00,76.07,28.36,88.47,60.77,Sugarcane
2024-09-27 13:24:00,70.13,30.63,93.47,67.32,Sugarcane
2024-09-27 13:25:00,75.78,27.29,86.96,68.11,Sugarcane
2024-09-27 13:26:00,68.25,24.58,82.38,51.42,Rice
2024-09-27 13:27:00,74.49,26.96,82.02,50.64,Rice
2024-09-27 13:28:00,60.24,22.68,56.21,32.13,Wheat
2024-09-27 13:29:00,57.06,27.37,60.31,63.79,Barley
2024-09-27 13:30:00,45.87,24.42,62.02,45.38,Barley
2024-09-27 13:31:00,54.26,31.03,50.55,87.46,Maize
2024-09-27 13:32:00,43.05,32.98,43.87,98.73,Cotton
2024-09-27 13:33:00,56.67,23.71,73.63,66.17,Barley
2024-09-27 13:34:00,73.92,30.51,85.06,51.25,Sugarcane
2024-09-27 13:35:00,61.68,17.31,66.01,42.07,Wheat
2024-09-27 13:36:00,43.49,32.65,44.54,97.81,Cotton
2024-09-27 13:37:00,59.27,27.25,45.02,69.58,Maize
2024-09-27 13:38:00,74.26,32.64,92.71,51.47,Sugarcane
2024-09-27 13:39:00,51.46,27.04,50.47,80.66,Maize
2024-09-27 13:40:00,57.9,32.33,57.59,98.02,Maize
2024-09-27 13:41:00,63.0,23.1,54.38,32.03,Wheat
2024-09-27 13:42:00,56.49,23.86,65.22,47.36,Wheat
2024-09-27 13:43:00,46.14,33.74,48.87,77.51,Cotton
2024-09-27 13:44:00,56.13,27.98,74.36,37.25,Barley
2024-09-27 13:45:00,58.62,22.56,68.24,46.69,Barley
2024-09-27 13:46:00,76.19,32.68,91.41,55.96,Sugarcane
2024-09-27 13:47:00,56.62,32.69,58.0,71.26,Maize
2024-09-27 13:48:00,76.82,30.44,96.73,61.11,Sugarcane
2024-09-27 13:49:00,52.69,30.98,35.93,87.53,Cotton
2024-09-27 13:50:00,46.08,30.38,37.61,89.66,Cotton
2024-09-27 13:51:00,50.68,31.61,48.99,71.2,Maize
2024-09-27 13:52:00,58.44,29.1,52.42,76.88,Maize
2024-09-27 13:53:00,64.26,23.49,58.92,46.11,Wheat
2024-09-27 13:54:00,71.63,29.57,98.94,57.81,Rice
2024-09-27 13:55:00,66.1,25.68,96.84,54.82,Rice
2024-09-27 13:56:00,70.19,29.13,96.99,47.85,Rice
2024-09-27 13:57:00,71.45,24.43,97.25,55.95,Rice
2024-09-27 13:58:00,53.46,31.89,40.54,70.18,Maize
2024-09-27 13:59:00,52.81,30.6,49.46,91.7,Cotton
2024-09-27 14:00:00,49.88,31.83,35.31,81.13,Cotton
2024-09-27 14:01:00,47.91,29.99,58.71,62.75,Barley
2024-09-27 14:02:00,48.62,25.63,55.01,48.67,Barley
2024-09-27 14:03:00,53.99,33.0,44.08,68.28,Maize
2024-09-27 14:04:00,56.76,16.21,50.62,43.34,Wheat
2024-09-27 14:05:00,55.05,17.97,53.02,40.14,Wheat
2024-09-27 14:06:00,56.59,26.33,53.06,72.75,Maize
2024-09-27 14:07:00,70.92,29.35,87.02,40.73,Rice
2024-09-27 14:08:00,68.23,24.24,98.9,57.54,Rice
2024-09-27 14:09:00,44.53,31.8,37.14,91.14,Cotton
2024-09-27 14:10:00,53.68,30.55,45.74,60.22,Maize
2024-09-27 14:11:00,59.92,34.85,41.04,84.28,Maize
2024-09-27 14:12:00,59.21,24.95,64.18,37.6,Wheat
2024-09-27 14:13:00,53.06,29.61,48.24,77.22,Maize
2024-09-27 14:14:00,61.01,22.08,67.34,49.03,Wheat
2024-09-27 14:15:00,45.8,32.32,43.09,95.19,Cotton
2024-09-27 14:16:00,54.87,27.47,53.14,73.25,Maize
2024-09-27 14:17:00,70.2,29.8,95.07,53.58,Rice
2024-09-27 14:18:00,77.29,30.6,91.4,60.25,Sugarcane
2024-09-27 14:19:00,64.0,21.58,57.42,41.0,Wheat
2024-09-27 14:20:00,74.39,29.11,88.48,51.74,Rice
2024-09-27 14:21:00,57.65,29.61,58.47,36.73,Barley
2024-09-27 14:22:00,57.43,17.32,51.57,38.97,Wheat
2024-09-27 14:23:00,55.45,29.96,64.33,46.31,Barley
2024-09-27 14:24:00,70.16,27.33,93.82,52.38,Sugarcane
2024-09-27 14:25:00,60.77,20.92,50.61,40.5,Wheat
2024-09-27 14:26:00,56.39,22.23,61.11,36.23,Wheat
2024-09-27 14:27:00,55.62,31.15,58.74,63.86,Maize
2024-09-27 14:28:00,59.76,17.87,54.75,39.04,Wheat
2024-09-27 14:29:00,48.79,34.27,40.93,85.45,Cotton
2024-09-27 14:30:00,48.65,24.54,66.54,33.81,Barley
2024-09-27 14:31:00,75.75,30.49,92.26,67.73,Sugarcane
2024-09-27 14:32:00,59.02,33.03,44.25,94.3,Maize
2024-09-27 14:33:00,56.37,32.28,57.42,74.85,Maize
2024-09-27 14:34:00,49.09,32.56,49.55,94.98,Cotton
2024-09-27 14:35:00,70.61,26.16,83.76,44.85,Rice
2024-09-27 14:36:00,53.11,22.12,64.36,49.02,Barley
2024-09-27 14:37:00,58.17,32.26,46.6,80.49,Maize
2024-09-27 14:38:00,69.28,25.29,81.55,51.62,Rice
2024-09-27 14:39:00,71.36,27.19,90.72,41.04,Rice
2024-09-27 14:40:00,73.95,25.9,98.13,54.91,Rice
2024-09-27 14:41:00,75.57,28.3,86.32,62.43,Sugarcane
2024-09-27 14:42:00,41.15,33.54,35.48,94.74,Cotton
2024-09-27 14:43:00,62.38,15.29,61.85,48.0,Wheat
2024-09-27 14:44:00,71.56,30.85,86.45,60.01,Sugarcane
2024-09-27 14:45:00,52.77,27.59,56.85,56.38,Barley
2024-09-27 14:46:00,58.34,24.63,53.27,34.64,Wheat
2024-09-27 14:47:00,58.61,15.46,56.74,44.49,Wheat
2024-09-27 14:48:00,68.57,27.11,91.67,44.74,Rice
2024-09-27 14:49:00,51.37,29.34,56.56,60.41,Maize
2024-09-27 14:50:00,57.22,24.5,59.98,38.71,Wheat
2024-09-27 14:51:00,55.19,32.75,55.19,96.72,Maize
2024-09-27 14:52:00,75.72,32.1,86.85,53.97,Sugarcane
2024-09-27 14:53:00,47.55,23.26,63.93,54.91,Barley
2024-09-27 14:54:00,62.64,17.66,51.63,34.87,Wheat
2024-09-27 14:55:00,47.45,33.11,36.2,96.29,Cotton
2024-09-27 14:56:00,55.37,22.67,54.01,43.79,Wheat
2024-09-27 14:57:00,65.65,27.46,92.36,50.23,Rice
2024-09-27 14:58:00,57.15,17.6,59.85,47.26,Wheat
2024-09-27 14:59:00,46.04,27.05,63.76,44.2,Barley
2024-09-27 15:00:00,52.15,27.21,43.48,96.53,Maize
2024-09-27 15:01:00,47.38,32.6,47.52,90.17,Cotton
2024-09-27 15:02:00,51.5,22.87,67.23,47.25,Barley
2024-09-27 15:03:00,74.3,24.15,98.65,49.43,Rice
2024-09-27 15:04:00,56.94,23.06,57.4,52.96,Barley
2024-09-27 15:05:00,73.87,25.72,99.01,55.39,Rice
2024-09-27 15:06:00,58.8,31.6,40.67,90.16,Maize
2024-09-27 15:07:00,78.47,32.64,98.19,63.94,Sugarcane
2024-09-27 15:08:00,52.95,32.07,38.19,70.46,Cotton
2024-09-27 15:09:00,70.97,28.11,97.89,56.91,Sugarcane
2024-09-27 15:10:00,66.2,24.18,89.11,46.47,Rice
2024-09-27 15:11:00,52.41,32.36,56.52,94.95,Maize
2024-09-27 15:12:00,73.89,31.0,98.46,69.84,Sugarcane
2024-09-27 15:13:00,59.76,34.98,42.01,88.96,Maize
2024-09-27 15:14:00,41.16,32.89,40.28,96.86,Cotton
2024-09-27 15:15:00,74.02,30.33,94.74,50.78,Sugarcane
2024-09-27 15:16:00,62.22,24.43,57.94,34.75,Wheat
2024-09-27 15:17:00,64.61,21.26,66.9,38.88,Wheat
2024-09-27 15:18:00,56.06,32.26,56.44,79.28,Maize
2024-09-27 15:19:00,57.82,33.87,50.87,83.96,Maize
2024-09-27 15:20:00,55.13,22.8,62.73,37.6,Wheat
2024-09-27 15:21:00,53.48,31.02,51.31,61.93,Maize
2024-09-27 15:22:00,75.94,27.91,88.12,64.51,Sugarcane
2024-09-27 15:23:00,72.28,27.45,92.41,55.77,Rice
2024-09-27 15:24:00,71.31,32.23,85.38,52.79,Sugarcane
2024-09-27 15:25:00,70.85,30.63,89.31,69.74,Sugarcane
2024-09-27 15:26:00,48.29,32.85,41.05,98.58,Cotton
2024-09-27 15:27:00,79.88,28.89,89.21,69.05,Sugarcane
2024-09-27 15:28:00,57.74,23.25,55.15,44.18,Wheat
2024-09-27 15:29:00,48.31,31.49,37.85,75.38,Cotton
2024-09-27 15:30:00,71.08,28.77,82.86,54.27,Rice
2024-09-27 15:31:00,55.11,23.79,58.51,39.67,Wheat
2024-09-27 15:32:00,50.31,26.25,72.41,49.29,Barley
2024-09-27 15:33:00,75.4,28.32,94.95,50.2,Sugarcane
2024-09-27 15:34:00,73.71,28.18,80.53,58.59,Rice
2024-09-27 15:35:00,56.4,16.3,51.21,48.54,Wheat
2024-09-27 15:36:00,77.92,31.86,97.15,54.39,Sugarcane
2024-09-27 15:37:00,47.58,26.5,58.09,56.26,Barley
2024-09-27 15:38:00,53.39,29.97,61.35,66.6,Barley
2024-09-27 15:39:00,54.32,25.05,50.66,82.88,Maize
2024-09-27 15:40:00,75.0,32.65,92.07,59.16,Sugarcane
2024-09-27 15:41:00,72.96,27.52,93.58,64.85,Sugarcane
2024-09-27 15:42:00,49.2,30.7,44.29,86.15,Cotton
2024-09-27 15:43:00,53.16,34.18,47.1,96.49,Cotton
2024-09-27 15:44:00,76.72,32.39,93.99,52.93,Sugarcane
2024-09-27 15:45:00,59.36,20.8,62.87,30.15,Wheat
2024-09-27 15:46:00,40.99,33.18,48.66,83.63,Cotton
2024-09-27 15:47:00,70.12,24.57,87.93,42.55,Rice
2024-09-27 15:48:00,50.54,28.47,60.63,52.92,Barley
2024-09-27 15:49:00,76.71,31.21,95.16,52.4,Sugarcane
2024-09-27 15:50:00,58.87,33.05,57.81,75.35,Maize
2024-09-27 15:51:00,50.36,27.86,49.17,63.75,Maize
2024-09-27 15:52:00,59.41,19.18,59.1,43.16,Wheat
2024-09-27 15:53:00,50.26,31.16,51.55,68.76,Maize
2024-09-27 15:54:00,56.53,20.42,50.49,33.35,Wheat
2024-09-27 15:55:00,58.28,25.59,56.38,90.05,Maize
2024-09-27 15:56:00,56.78,18.19,65.42,43.45,Wheat
2024-09-27 15:57:00,50.06,29.42,55.61,56.47,Barley
2024-09-27 15:58:00,52.5,28.04,64.75,68.85,Barley
2024-09-27 15:59:00,45.11,33.81,30.9,99.41,Cotton
2024-09-27 16:00:00,57.72,18.46,53.4,32.57,Wheat
2024-09-27 16:01:00,70.6,30.57,96.13,57.86,Sugarcane
2024-09-27 16:02:00,44.49,33.9,46.34,71.88,Cotton
2024-09-27 16:03:00,79.18,30.53,91.0,54.65,Sugarcane
2024-09-27 16:04:00,55.83,23.26,68.25,37.07,Wheat
2024-09-27 16:05:00,57.88,28.58,71.51,47.25,Barley
2024-09-27 16:06:00,45.51,24.07,71.02,62.69,Barley
2024-09-27 16:07:00,51.92,34.57,45.23,99.07,Maize
2024-09-27 16:08:00,54.88,28.84,56.83,79.44,Maize
2024-09-27 16:09:00,41.33,33.11,45.18,78.07,Cotton
2024-09-27 16:10:00,57.62,20.4,67.41,31.91,Wheat
2024-09-27 16:11:00,79.65,29.86,96.02,65.7,Sugarcane
2024-09-27 16:12:00,51.5,32.66,45.21,74.98,Maize
2024-09-27 16:13:00,48.03,24.85,63.22,54.1,Barley
2024-09-27 16:14:00,76.89,27.37,93.68,64.35,Sugarcane
2024-09-27 16:15:00,67.9,26.63,92.27,55.2,Rice
2024-09-27 16:16:00,66.39,27.41,95.79,44.19,Rice
2024-09-27 16:17:00,54.4,32.46,55.87,97.27,Maize
2024-09-27 16:18:00,70.43,28.44,87.5,43.06,Rice
2024-09-27 16:19:00,46.73,26.75,62.96,34.65,Barley
2024-09-27 16:20:00,72.71,28.79,81.48,42.24,Rice
2024-09-27 16:21:00,60.02,23.7,68.42,48.89,Wheat
2024-09-27 16:22:00,55.58,31.25,40.44,94.91,Maize
2024-09-27 16:23:00,55.13,20.39,67.37,49.4,Wheat
2024-09-27 16:24:00,44.22,31.21,41.24,73.16,Cotton
2024-09-27 16:25:00,43.42,33.22,47.88,91.2,Cotton
2024-09-27 16:26:00,70.69,27.75,86.37,55.13,Sugarcane
2024-09-27 16:27:00,59.63,28.55,55.96,64.32,Maize
2024-09-27 16:28:00,58.62,29.62,49.96,71.07,Maize
2024-09-27 16:29:00,78.9,31.97,93.77,66.41,Sugarcane
2024-09-27 16:30:00,76.93,27.59,95.08,59.86,Sugarcane
2024-09-27 16:31:00,59.09,24.58,64.86,30.45,Barley
2024-09-27 16:32:00,50.39,34.49,36.51,78.12,Cotton
2024-09-27 16:33:00,47.15,34.87,46.97,70.41,Cotton
2024-09-27 16:34:00,58.47,21.75,56.34,38.45,Barley
2024-09-27 16:35:00,68.66,26.21,89.89,49.69,Rice
2024-09-27 16:36:00,53.6,33.47,58.91,93.17,Maize
2024-09-27 16:37:00,51.91,32.58,33.72,98.34,Cotton
2024-09-27 16:38:00,54.89,24.6,71.62,31.58,Barley
2024-09-27 16:39:00,40.86,32.16,41.28,81.93,Cotton
2024-09-27 16:40:00,56.51,32.64,41.25,92.2,Maize
2024-09-27 16:41:00,58.36,22.33,59.93,42.29,Barley
2024-09-27 16:42:00,72.75,26.31,91.17,50.74,Rice
2024-09-27 16:43:00,60.42,19.08,65.79,36.15,Wheat
2024-09-27 16:44:00,55.22,20.51,56.74,35.14,Wheat
2024-09-27 16:45:00,46.0,22.11,55.6,62.98,Barley
2024-09-27 16:46:00,72.03,28.22,84.95,56.33,Rice
2024-09-27 16:47:00,42.02,33.92,44.25,77.43,Cotton
2024-09-27 16:48:00,63.62,18.55,62.0,47.42,Wheat
2024-09-27 16:49:00,75.56,30.04,97.06,66.98,Sugarcane
2024-09-27 16:50:00,76.8,27.13,96.25,68.3,Sugarcane
2024-09-27 16:51:00,76.06,30.46,90.32,50.21,Sugarcane
2024-09-27 16:52:00,55.16,31.56,50.25,84.08,Maize
2024-09-27 16:53:00,66.41,28.18,85.71,44.92,Rice
2024-09-27 16:54:00,53.94,33.4,39.93,82.29,Cotton
2024-09-27 16:55:00,59.09,20.37,66.35,30.36,Wheat
2024-09-27 16:56:00,52.28,25.36,62.6,65.17,Barley
2024-09-27 16:57:00,72.32,24.97,90.11,43.54,Rice
2024-09-27 16:58:00,57.94,15.91,60.53,42.95,Wheat
2024-09-27 16:59:00,59.84,28.92,41.67,76.87,Maize
2024-09-27 17:00:00,44.71,32.47,38.57,90.14,Cotton
2024-09-27 17:01:00,78.23,29.04,97.49,59.51,Sugarcane
2024-09-27 17:02:00,59.37,27.52,53.38,82.87,Maize
2024-09-27 17:03:00,50.15,33.74,41.81,94.15,Cotton
2024-09-27 17:04:00,71.28,32.76,90.9,67.52,Sugarcane
2024-09-27 17:05:00,60.97,23.67,50.8,42.66,Wheat
2024-09-27 17:06:00,57.32,28.03,60.62,46.77,Barley
2024-09-27 17:07:00,59.96,22.61,57.18,42.14,Wheat
2024-09-27 17:08:00,46.33,27.42,68.14,32.02,Barley
2024-09-27 17:09:00,54.34,33.44,31.91,89.25,Cotton
2024-09-27 17:10:00,57.46,18.01,69.4,38.56,Wheat
2024-09-27 17:11:00,73.96,28.29,87.62,43.62,Rice
2024-09-27 17:12:00,64.48,23.77,64.63,47.96,Wheat
2024-09-27 17:13:00,77.34,30.24,88.92,57.38,Sugarcane
2024-09-27 17:14:00,56.66,23.72,55.54,46.8,Wheat
2024-09-27 17:15:00,58.34,22.11,73.09,60.29,Barley
2024-09-27 17:16:00,44.29,32.65,36.64,83.51,Cotton
2024-09-27 17:17:00,57.65,34.92,47.61,67.84,Maize
2024-09-27 17:18:00,66.2,24.09,99.93,53.3,Rice
2024-09-27 17:19:00,45.27,25.99,55.7,40.21,Barley
2024-09-27 17:20:00,79.77,27.34,90.25,56.58,Sugarcane
2024-09-27 17:21:00,47.35,23.43,56.11,45.72,Barley
2024-09-27 17:22:00,72.53,29.32,87.03,66.57,Sugarcane
2024-09-27 17:23:00,68.75,27.85,82.06,43.38,Rice
2024-09-27 17:24:00,60.91,16.81,51.65,30.79,Wheat
2024-09-27 17:25:00,41.64,34.04,31.09,83.03,Cotton
2024-09-27 17:26:00,48.54,33.39,41.63,88.71,Cotton
2024-09-27 17:27:00,45.29,20.39,72.48,43.13,Barley
2024-09-27 17:28:00,51.06,27.02,46.34,75.88,Maize
2024-09-27 17:29:00,75.64,28.66,87.62,58.38,Sugarcane
2024-09-27 17:30:00,46.58,28.64,70.85,63.64,Barley
2024-09-27 17:31:00,67.38,29.64,95.1,57.88,Rice
2024-09-27 17:32:00,47.14,21.67,59.09,33.07,Barley
2024-09-27 17:33:00,48.22,28.04,72.91,30.95,Barley
2024-09-27 17:34:00,59.98,15.77,63.03,32.79,Wheat
2024-09-27 17:35:00,56.87,24.02,62.84,39.26,Barley
2024-09-27 17:36:00,70.94,31.92,88.21,50.71,Sugarcane
2024-09-27 17:37:00,46.94,31.69,31.38,91.03,Cotton
2024-09-27 17:38:00,71.35,27.29,92.77,52.21,Sugarcane
2024-09-27 17:39:00,58.68,30.06,44.1,79.51,Maize
2024-09-27 17:40:00,49.39,34.25,30.78,72.31,Cotton
2024-09-27 17:41:00,56.41,31.36,49.28,78.9,Maize
2024-09-27 17:42:00,74.66,25.17,81.68,42.14,Rice
2024-09-27 17:43:00,75.0,30.87,92.57,51.2,Sugarcane
2024-09-27 17:44:00,45.47,30.23,45.15,97.18,Cotton
2024-09-27 17:45:00,54.76,30.02,32.37,92.53,Cotton
2024-09-27 17:46:00,50.16,30.0,40.43,87.15,Cotton
2024-09-27 17:47:00,65.98,24.15,96.44,44.85,Rice
2024-09-27 17:48:00,79.87,29.32,95.12,58.07,Sugarcane
2024-09-27 17:49:00,71.32,27.86,84.26,46.23,Rice
2024-09-27 17:50:00,51.47,34.88,45.31,92.45,Cotton
2024-09-27 17:51:00,56.28,21.47,73.57,31.03,Barley
2024-09-27 17:52:00,66.99,28.86,99.4,57.94,Rice
2024-09-27 17:53:00,71.23,26.03,93.91,45.16,Rice
2024-09-27 17:54:00,50.72,25.69,57.29,61.02,Maize
2024-09-27 17:55:00,58.51,34.37,55.73,85.25,Maize
2024-09-27 17:56:00,58.35,15.34,55.47,48.68,Wheat
2024-09-27 17:57:00,71.03,31.8,85.21,53.8,Sugarcane
2024-09-27 17:58:00,55.09,30.88,52.69,92.85,Maize
2024-09-27 17:59:00,60.54,18.48,59.25,32.14,Wheat
2024-09-27 18:00:00,68.14,27.24,86.19,46.73,Rice
2024-09-27 18:01:00,69.94,27.13,87.07,52.21,Rice
2024-09-27 18:02:00,59.58,32.75,41.05,69.68,Maize
2024-09-27 18:03:00,68.12,26.57,99.72,51.87,Rice
2024-09-27 18:04:00,72.08,24.96,81.83,53.81,Rice
2024-09-27 18:05:00,49.82,20.3,71.96,40.05,Barley
2024-09-27 18:06:00,77.01,27.26,95.94,56.6,Sugarcane
2024-09-27 18:07:00,44.43,34.79,44.02,84.73,Cotton
2024-09-27 18:08:00,77.3,27.27,89.68,55.95,Sugarcane
2024-09-27 18:09:00,73.61,30.51,99.23,66.92,Sugarcane
2024-09-27 18:10:00,72.29,27.01,99.86,59.65,Rice
2024-09-27 18:11:00,72.71,30.34,93.2,56.24,Sugarcane
2024-09-27 18:12:00,74.08,30.25,87.14,53.66,Sugarcane
2024-09-27 18:13:00,52.12,31.3,44.29,91.16,Cotton
2024-09-27 18:14:00,54.93,29.38,61.24,45.81,Barley
2024-09-27 18:15:00,70.4,29.71,87.1,60.98,Sugarcane
2024-09-27 18:16:00,49.71,23.02,63.05,36.52,Barley
2024-09-27 18:17:00,79.34,29.27,91.3,51.07,Sugarcane
2024-09-27 18:18:00,62.5,20.29,59.63,42.36,Wheat
2024-09-27 18:19:00,57.38,16.67,57.01,43.91,Wheat
2024-09-27 18:20:00,56.72,21.83,69.5,38.27,Wheat
2024-09-27 18:21:00,48.44,27.84,62.35,40.11,Barley
2024-09-27 18:22:00,59.51,17.5,55.47,41.71,Wheat
2024-09-27 18:23:00,52.51,33.93,33.35,88.5,Cotton
2024-09-27 18:24:00,57.05,20.52,62.75,55.42,Barley
2024-09-27 18:25:00,60.76,23.73,50.44,30.73,Wheat
2024-09-27 18:26:00,77.47,27.35,93.55,55.97,Sugarcane
2024-09-27 18:27:00,51.49,28.38,61.54,62.23,Barley
2024-09-27 18:28:00,51.99,25.83,68.55,65.45,Barley
2024-09-27 18:29:00,49.61,32.16,30.5,75.57,Cotton
2024-09-27 18:30:00,49.06,20.83,68.27,56.47,Barley
2024-09-27 18:31:00,54.5,27.93,53.08,72.0,Maize
2024-09-27 18:32:00,59.19,26.77,56.13,95.7,Maize
2024-09-27 18:33:00,65.37,27.7,87.16,57.99,Rice
2024-09-27 18:34:00,72.18,27.79,87.98,51.35,Sugarcane
2024-09-27 18:35:00,51.77,21.54,70.02,50.1,Barley
2024-09-27 18:36:00,71.03,29.65,90.94,64.19,Sugarcane
2024-09-27 18:37:00,46.88,34.55,34.44,79.97,Cotton
2024-09-27 18:38:00,50.88,26.97,67.3,46.13,Barley
2024-09-27 18:39:00,63.0,24.45,56.53,36.49,Wheat
2024-09-27 18:40:00,47.48,23.13,66.14,44.37,Barley
2024-09-27 18:41:00,68.49,29.58,89.48,57.44,Rice
2024-09-27 18:42:00,43.01,33.85,40.45,77.76,Cotton
2024-09-27 18:43:00,72.62,27.51,80.58,50.67,Rice
2024-09-27 18:44:00,45.14,32.29,37.17,77.93,Cotton
2024-09-27 18:45:00,59.35,15.68,52.62,38.09,Wheat
2024-09-27 18:46:00,73.08,28.33,94.02,48.95,Rice
2024-09-27 18:47:00,50.71,34.97,47.25,93.68,Cotton
2024-09-27 18:48:00,46.76,23.73,58.41,67.54,Barley
2024-09-27 18:49:00,47.51,30.31,46.14,78.77,Cotton
2024-09-27 18:50:00,79.92,29.4,93.23,64.41,Sugarcane
2024-09-27 18:51:00,52.16,28.68,58.12,84.68,Maize
2024-09-27 18:52:00,55.27,30.61,51.2,84.15,Maize
2024-09-27 18:53:00,51.86,30.29,34.09,73.18,Cotton
2024-09-27 18:54:00,54.59,25.24,53.73,86.09,Maize
2024-09-27 18:55:00,66.08,24.51,99.72,49.62,Rice
2024-09-27 18:56:00,51.52,28.06,42.81,80.3,Maize
2024-09-27 18:57:00,55.06,25.35,53.92,71.74,Maize
2024-09-27 18:58:00,52.7,30.09,36.08,87.68,Cotton
2024-09-27 18:59:00,47.55,34.91,44.1,79.29,Cotton
2024-09-27 19:00:00,68.04,25.95,85.86,41.22,Rice
2024-09-27 19:01:00,46.11,33.86,30.75,83.01,Cotton
2024-09-27 19:02:00,51.37,21.37,73.18,63.4,Barley
2024-09-27 19:03:00,60.52,20.93,59.05,33.92,Wheat
2024-09-27 19:04:00,73.97,29.19,88.55,56.63,Sugarcane
2024-09-27 19:05:00,74.27,32.61,99.67,64.84,Sugarcane
2024-09-27 19:06:00,65.93,29.94,82.78,43.07,Rice
2024-09-27 19:07:00,78.86,27.25,91.23,66.18,Sugarcane
2024-09-27 19:08:00,77.29,31.96,95.03,57.84,Sugarcane
2024-09-27 19:09:00,72.54,30.25,91.88,67.23,Sugarcane
2024-09-27 19:10:00,51.11,34.96,45.61,92.29,Cotton
2024-09-27 19:11:00,52.11,28.65,55.14,34.01,Barley
2024-09-27 19:12:00,50.74,24.88,61.84,46.79,Barley
2024-09-27 19:13:00,62.07,16.85,65.17,33.34,Wheat
2024-09-27 19:14:00,49.08,28.22,69.7,45.72,Barley
2024-09-27 19:15:00,76.98,31.03,98.36,54.08,Sugarcane
2024-09-27 19:16:00,61.64,21.17,69.43,41.73,Wheat
2024-09-27 19:17:00,46.72,31.74,44.59,91.42,Cotton
2024-09-27 19:18:00,57.16,34.57,49.21,66.18,Maize
2024-09-27 19:19:00,59.92,34.28,44.51,63.16,Maize
2024-09-27 19:20:00,73.77,29.26,86.58,46.91,Rice
2024-09-27 19:21:00,64.14,21.8,64.51,47.68,Wheat
2024-09-27 19:22:00,67.29,28.77,99.0,45.09,Rice
2024-09-27 19:23:00,65.17,24.11,95.67,56.93,Rice
2024-09-27 19:24:00,46.11,34.06,37.39,93.62,Cotton
2024-09-27 19:25:00,56.24,30.61,40.25,62.38,Maize
2024-09-27 19:26:00,49.85,29.51,59.29,33.34,Barley
2024-09-27 19:27:00,54.49,21.47,70.14,33.37,Barley
2024-09-27 19:28:00,66.45,27.95,91.04,52.55,Rice
2024-09-27 19:29:00,63.95,23.62,67.44,37.03,Wheat
2024-09-27 19:30:00,40.75,33.15,36.71,79.03,Cotton
2024-09-27 19:31:00,71.54,32.78,90.37,57.4,Sugarcane
2024-09-27 19:32:00,58.46,23.62,57.95,30.1,Wheat
2024-09-27 19:33:00,52.09,25.43,44.03,83.67,Maize
2024-09-27 19:34:00,56.9,30.3,45.2,78.75,Maize
2024-09-27 19:35:00,46.11,28.86,68.36,63.32,Barley
2024-09-27 19:36:00,53.64,33.57,47.85,79.39,Cotton
2024-09-27 19:37:00,51.43,25.28,73.17,31.31,Barley
2024-09-27 19:38:00,42.09,32.08,40.12,99.06,Cotton
2024-09-27 19:39:00,55.75,24.32,55.16,39.94,Wheat
2024-09-27 19:40:00,54.14,25.77,57.16,76.76,Maize
2024-09-27 19:41:00,78.73,30.25,88.1,69.07,Sugarcane
2024-09-27 19:42:00,74.68,31.54,88.37,67.17,Sugarcane
2024-09-27 19:43:00,73.97,26.57,83.45,51.3,Rice
2024-09-27 19:44:00,57.56,34.8,43.96,89.73,Maize
2024-09-27 19:45:00,50.24,30.98,40.1,80.61,Cotton
2024-09-27 19:46:00,62.16,18.84,54.84,46.16,Wheat
2024-09-27 19:47:00,51.63,32.97,47.31,85.17,Cotton
2024-09-27 19:48:00,43.16,30.33,46.13,90.19,Cotton
2024-09-27 19:49:00,67.42,27.85,88.07,55.88,Rice
2024-09-27 19:50:00,54.68,30.22,46.78,89.93,Cotton
2024-09-27 19:51:00,44.34,31.89,36.43,71.7,Cotton
2024-09-27 19:52:00,53.55,27.97,44.99,61.68,Maize
2024-09-27 19:53:00,64.37,24.81,53.62,33.36,Wheat
2024-09-27 19:54:00,53.81,33.18,55.14,64.17,Maize
2024-09-27 19:55:00,57.54,28.38,67.17,31.68,Barley
2024-09-27 19:56:00,55.53,29.81,70.21,36.45,Barley
2024-09-27 19:57:00,40.41,33.7,33.25,80.59,Cotton
2024-09-27 19:58:00,73.18,27.33,88.3,42.8,Rice
2024-09-27 19:59:00,78.66,31.05,98.11,68.91,Sugarcane
2024-09-27 20:00:00,71.12,27.95,95.83,43.69,Rice
2024-09-27 20:01:00,54.46,31.98,48.93,88.3,Cotton
2024-09-27 20:02:00,71.93,28.4,94.63,52.18,Sugarcane
2024-09-27 20:03:00,54.24,29.28,60.83,67.35,Barley
2024-09-27 20:04:00,62.28,16.03,63.13,49.76,Wheat
2024-09-27 20:05:00,61.24,17.24,60.95,49.11,Wheat
2024-09-27 20:06:00,59.53,24.84,65.95,43.02,Wheat
2024-09-27 20:07:00,72.71,24.76,89.27,42.3,Rice
2024-09-27 20:08:00,44.07,30.37,33.15,98.23,Cotton
2024-09-27 20:09:00,47.66,31.86,49.34,72.74,Cotton
2024-09-27 20:10:00,70.81,29.15,92.13,66.05,Sugarcane
2024-09-27 20:11:00,63.56,21.5,52.65,37.47,Wheat
2024-09-27 20:12:00,48.29,22.29,73.41,67.3,Barley
2024-09-27 20:13:00,65.34,29.49,87.49,44.23,Rice
2024-09-27 20:14:00,41.74,30.45,44.58,98.33,Cotton
2024-09-27 20:15:00,57.37,26.59,58.14,66.67,Maize
2024-09-27 20:16:00,70.23,28.62,91.67,45.77,Rice
2024-09-27 20:17:00,48.74,23.72,58.45,51.2,Barley
2024-09-27 20:18:00,74.62,26.95,99.08,49.25,Rice
2024-09-27 20:19:00,51.49,31.13,42.03,97.62,Cotton
2024-09-27 20:20:00,52.72,27.64,68.46,44.03,Barley
2024-09-27 20:21:00,58.22,32.61,58.18,61.83,Maize
2024-09-27 20:22:00,71.1,27.81,82.27,47.68,Rice
2024-09-27 20:23:00,50.32,34.2,34.95,86.47,Cotton
2024-09-27 20:24:00,74.03,27.37,99.02,51.36,Sugarcane
2024-09-27 20:25:00,73.35,26.32,91.8,51.4,Rice
2024-09-27 20:26:00,57.05,16.77,54.0,43.36,Wheat
2024-09-27 20:27:00,50.89,34.43,57.2,94.23,Maize
2024-09-27 20:28:00,58.42,22.58,66.03,40.67,Wheat
2024-09-27 20:29:00,51.74,27.98,59.7,85.36,Maize
2024-09-27 20:30:00,57.69,32.85,54.2,63.21,Maize
2024-09-27 20:31:00,76.65,29.3,86.22,57.5,Sugarcane
2024-09-27 20:32:00,66.96,28.18,89.37,47.26,Rice
2024-09-27 20:33:00,50.12,27.82,47.61,85.48,Maize
2024-09-27 20:34:00,55.35,25.89,46.7,85.44,Maize
2024-09-27 20:35:00,70.47,29.78,87.53,55.78,Rice
2024-09-27 20:36:00,65.46,27.79,82.34,45.05,Rice
2024-09-27 20:37:00,51.29,26.36,56.0,44.94,Barley
2024-09-27 20:38:00,53.68,28.09,71.35,65.92,Barley
2024-09-27 20:39:00,74.0,26.23,83.64,50.12,Rice
2024-09-27 20:40:00,52.99,24.55,70.39,46.71,Barley
2024-09-27 20:41:00,48.97,28.4,61.88,41.01,Barley
2024-09-27 20:42:00,73.61,27.67,85.47,55.91,Rice
2024-09-27 20:43:00,74.65,28.78,94.15,67.6,Sugarcane
2024-09-27 20:44:00,55.47,23.81,58.43,38.22,Wheat
2024-09-27 20:45:00,51.34,32.17,42.69,90.56,Cotton
2024-09-27 20:46:00,60.9,21.21,60.4,32.08,Wheat
2024-09-27 20:47:00,52.63,33.61,43.32,86.77,Maize
2024-09-27 20:48:00,57.25,15.37,67.88,39.09,Wheat
2024-09-27 20:49:00,57.93,17.2,53.35,42.39,Wheat
2024-09-27 20:50:00,42.31,33.51,37.43,85.56,Cotton
2024-09-27 20:51:00,70.98,25.02,82.22,48.63,Rice
2024-09-27 20:52:00,59.25,21.55,69.52,39.72,Wheat
2024-09-27 20:53:00,56.41,34.58,57.14,63.48,Maize
2024-09-27 20:54:00,76.03,29.86,90.33,52.25,Sugarcane
2024-09-27 20:55:00,55.36,34.68,59.63,83.93,Maize
2024-09-27 20:56:00,65.58,24.61,87.78,44.13,Rice
2024-09-27 20:57:00,46.03,33.29,33.5,98.54,Cotton
2024-09-27 20:58:00,46.61,30.24,41.54,92.14,Cotton
2024-09-27 20:59:00,55.38,25.0,61.81,44.19,Barley
2024-09-27 21:00:00,59.31,26.65,45.17,88.11,Maize
2024-09-27 21:01:00,53.25,30.88,59.58,61.75,Maize
2024-09-27 21:02:00,67.71,29.94,92.98,59.73,Rice
2024-09-27 21:03:00,62.36,21.59,65.41,39.49,Wheat
2024-09-27 21:04:00,47.84,32.35,44.58,98.09,Cotton
2024-09-27 21:05:00,77.12,29.48,87.31,63.51,Sugarcane
2024-09-27 21:06:00,52.07,31.99,37.42,91.98,Cotton
2024-09-27 21:07:00,52.27,28.53,58.13,76.9,Maize
2024-09-27 21:08:00,64.84,15.81,54.57,44.32,Wheat
2024-09-27 21:09:00,68.05,25.68,81.46,50.65,Rice
2024-09-27 21:10:00,67.85,26.39,92.36,44.64,Rice
2024-09-27 21:11:00,65.9,29.65,87.01,40.67,Rice
2024-09-27 21:12:00,59.97,29.81,43.32,60.06,Maize
2024-09-27 21:13:00,48.6,30.63,30.0,97.44,Cotton
2024-09-27 21:14:00,44.67,31.59,49.2,88.75,Cotton
2024-09-27 21:15:00,45.08,23.86,56.58,43.83,Barley
2024-09-27 21:16:00,78.05,28.18,92.78,65.67,Sugarcane
2024-09-27 21:17:00,53.33,25.82,50.65,89.07,Maize
2024-09-27 21:18:00,74.09,26.22,87.41,46.55,Rice
2024-09-27 21:19:00,50.87,27.07,56.88,48.36,Barley
2024-09-27 21:20:00,60.9,23.16,51.6,46.26,Wheat
2024-09-27 21:21:00,47.75,25.73,57.51,59.26,Barley
2024-09-27 21:22:00,70.82,27.91,87.0,60.16,Sugarcane
2024-09-27 21:23:00,60.66,15.06,53.59,42.48,Wheat
2024-09-27 21:24:00,52.62,21.56,65.03,54.47,Barley
2024-09-27 21:25:00,75.25,32.62,93.66,51.09,Sugarcane
2024-09-27 21:26:00,70.26,28.78,96.18,53.29,Sugarcane
2024-09-27 21:27:00,72.6,31.92,92.34,56.34,Sugarcane
2024-09-27 21:28:00,78.74,30.07,96.4,56.75,Sugarcane
2024-09-27 21:29:00,53.68,29.98,43.75,64.84,Maize
2024-09-27 21:30:00,73.41,28.06,91.11,56.42,Sugarcane
2024-09-27 21:31:00,76.62,29.64,88.7,64.48,Sugarcane
2024-09-27 21:32:00,66.16,28.77,90.46,57.31,Rice
2024-09-27 21:33:00,58.06,33.41,57.56,86.09,Maize
2024-09-27 21:34:00,47.82,21.44,60.43,39.26,Barley
2024-09-27 21:35:00,53.3,20.67,57.82,41.85,Barley
2024-09-27 21:36:00,53.23,22.29,61.87,67.87,Barley
2024-09-27 21:37:00,73.24,30.89,98.61,57.26,Sugarcane
2024-09-27 21:38:00,62.19,23.32,64.32,43.35,Wheat
2024-09-27 21:39:00,60.81,15.65,69.36,34.04,Wheat
2024-09-27 21:40:00,57.33,20.82,63.6,32.02,Barley
2024-09-27 21:41:00,73.3,28.51,87.71,63.55,Sugarcane
2024-09-27 21:42:00,46.14,25.93,66.32,67.37,Barley
2024-09-27 21:43:00,55.12,31.1,53.41,77.22,Maize
2024-09-27 21:44:00,48.27,28.53,74.8,68.63,Barley
2024-09-27 21:45:00,57.67,25.53,57.07,45.78,Barley
2024-09-27 21:46:00,65.45,27.42,81.13,52.92,Rice
2024-09-27 21:47:00,56.65,30.82,49.28,96.12,Maize
2024-09-27 21:48:00,70.57,27.34,93.32,57.53,Sugarcane
2024-09-27 21:49:00,67.79,27.76,95.45,52.48,Rice
2024-09-27 21:50:00,44.26,34.91,35.8,73.08,Cotton
2024-09-27 21:51:00,55.15,27.48,59.37,40.39,Barley
2024-09-27 21:52:00,50.53,24.83,62.99,63.29,Barley
2024-09-27 21:53:00,44.42,30.29,31.57,97.98,Cotton
2024-09-27 21:54:00,70.91,24.42,86.97,56.43,Rice
2024-09-27 21:55:00,54.43,28.37,55.5,56.33,Barley
2024-09-27 21:56:00,52.5,33.22,49.02,82.11,Cotton
2024-09-27 21:57:00,68.21,29.77,87.84,55.25,Rice
2024-09-27 21:58:00,57.81,34.96,43.68,79.74,Maize
2024-09-27 21:59:00,51.96,20.62,74.27,43.01,Barley
2024-09-27 22:00:00,73.41,27.48,95.42,57.14,Sugarcane
2024-09-27 22:01:00,53.2,34.4,35.65,72.76,Cotton
2024-09-27 22:02:00,70.14,26.36,97.75,54.95,Rice
2024-09-27 22:03:00,64.34,21.92,63.67,46.88,Wheat
2024-09-27 22:04:00,72.4,27.48,88.84,67.15,Sugarcane
2024-09-27 22:05:00,72.19,30.31,88.15,65.51,Sugarcane
2024-09-27 22:06:00,49.31,33.04,38.73,89.46,Cotton
2024-09-27 22:07:00,51.75,31.44,48.38,60.5,Maize
2024-09-27 22:08:00,48.8,20.19,59.75,45.81,Barley
2024-09-27 22:09:00,42.92,32.5,35.02,80.4,Cotton
2024-09-27 22:10:00,73.29,24.84,94.92,52.12,Rice
2024-09-27 22:11:00,56.5,26.49,59.67,73.81,Maize
2024-09-27 22:12:00,78.51,30.75,95.19,65.56,Sugarcane
2024-09-27 22:13:00,58.92,27.73,43.5,87.7,Maize
2024-09-27 22:14:00,45.63,32.02,46.72,77.59,Cotton
2024-09-27 22:15:00,52.4,33.52,43.25,82.55,Cotton
2024-09-27 22:16:00,57.31,28.82,53.28,64.5,Maize
2024-09-27 22:17:00,53.93,25.38,73.05,51.77,Barley
2024-09-27 22:18:00,63.7,22.06,63.87,40.62,Wheat
2024-09-27 22:19:00,57.31,22.86,62.36,46.36,Wheat
2024-09-27 22:20:00,70.99,29.39,96.53,41.77,Rice
2024-09-27 22:21:00,55.92,23.72,66.58,41.57,Wheat
2024-09-27 22:22:00,76.83,30.61,95.04,58.16,Sugarcane
2024-09-27 22:23:00,58.24,29.21,59.74,38.82,Barley
2024-09-27 22:24:00,74.43,28.02,91.08,52.45,Sugarcane
2024-09-27 22:25:00,50.42,32.51,42.22,95.6,Maize
2024-09-27 22:26:00,53.05,31.44,39.53,95.98,Cotton
2024-09-27 22:27:00,64.5,22.5,62.34,31.71,Wheat
2024-09-27 22:28:00,60.95,22.8,58.91,30.47,Wheat
2024-09-27 22:29:00,53.33,34.22,34.7,78.68,Cotton
2024-09-27 22:30:00,58.06,25.93,66.94,58.59,Barley
2024-09-27 22:31:00,72.94,27.69,91.04,60.22,Sugarcane
2024-09-27 22:32:00,76.97,30.27,95.06,59.72,Sugarcane
2024-09-27 22:33:00,74.08,28.36,93.69,41.27,Rice
2024-09-27 22:34:00,54.76,28.62,42.53,82.35,Maize
2024-09-27 22:35:00,56.5,22.69,73.71,61.33,Barley
2024-09-27 22:36:00,54.16,32.89,49.42,97.67,Maize
2024-09-27 22:37:00,68.41,24.71,89.18,53.88,Rice
2024-09-27 22:38:00,47.69,20.22,62.49,39.06,Barley
2024-09-27 22:39:00,51.3,34.81,49.04,85.64,Cotton
2024-09-27 22:40:00,72.07,27.07,90.55,48.21,Rice
2024-09-27 22:41:00,78.32,31.96,89.25,69.89,Sugarcane
2024-09-27 22:42:00,53.94,25.26,46.5,89.17,Maize
2024-09-27 22:43:00,76.76,32.73,99.87,67.59,Sugarcane
2024-09-27 22:44:00,57.89,16.61,64.66,46.45,Wheat
2024-09-27 22:45:00,50.82,23.55,73.58,66.66,Barley
2024-09-27 22:46:00,47.58,31.58,41.3,88.64,Cotton
2024-09-27 22:47:00,51.92,30.74,33.9,83.32,Cotton
2024-09-27 22:48:00,59.76,33.73,41.3,74.47,Maize
2024-09-27 22:49:00,74.11,29.47,91.15,64.1,Sugarcane
2024-09-27 22:50:00,65.25,27.74,99.49,43.09,Rice
2024-09-27 22:51:00,57.68,17.24,67.9,44.36,Wheat
2024-09-27 22:52:00,75.48,31.53,89.32,63.26,Sugarcane
2024-09-27 22:53:00,55.07,24.4,66.9,34.82,Barley
2024-09-27 22:54:00,51.42,31.96,56.07,96.3,Maize
2024-09-27 22:55:00,56.75,21.97,58.77,46.38,Wheat
2024-09-27 22:56:00,56.91,18.51,58.61,48.62,Wheat
2024-09-27 22:57:00,45.13,28.17,67.45,69.13,Barley
2024-09-27 22:58:00,41.08,30.27,48.16,93.9,Cotton
2024-09-27 22:59:00,55.86,18.5,64.13,47.27,Wheat
2024-09-27 23:00:00,52.34,26.74,41.31,71.69,Maize
2024-09-27 23:01:00,72.68,29.87,95.26,67.94,Sugarcane
2024-09-27 23:02:00,50.32,34.24,38.45,77.45,Cotton
2024-09-27 23:03:00,45.58,21.26,57.37,43.5,Barley
2024-09-27 23:04:00,58.36,26.2,60.26,33.39,Barley
2024-09-27 23:05:00,78.26,31.86,95.93,63.81,Sugarcane
2024-09-27 23:06:00,76.42,30.83,91.16,54.97,Sugarcane
2024-09-27 23:07:00,54.42,33.57,37.96,78.34,Cotton
2024-09-27 23:08:00,41.96,31.84,39.95,98.4,Cotton
2024-09-27 23:09:00,77.8,30.79,96.98,66.05,Sugarcane
2024-09-27 23:10:00,70.35,27.63,86.15,56.78,Sugarcane
2024-09-27 23:11:00,77.53,28.11,93.63,52.14,Sugarcane
2024-09-27 23:12:00,53.96,26.74,70.08,36.84,Barley
2024-09-27 23:13:00,64.15,18.4,67.29,36.16,Wheat
2024-09-27 23:14:00,72.1,32.3,92.79,62.09,Sugarcane
2024-09-27 23:15:00,63.03,21.97,69.02,36.32,Wheat
2024-09-27 23:16:00,49.35,31.08,49.01,87.97,Cotton
2024-09-27 23:17:00,54.65,27.06,59.27,88.15,Maize
2024-09-27 23:18:00,72.85,25.46,90.99,47.38,Rice
2024-09-27 23:19:00,45.47,23.61,55.22,38.97,Barley
2024-09-27 23:20:00,65.21,27.29,86.39,40.79,Rice
2024-09-27 23:21:00,56.88,27.59,45.59,72.25,Maize
2024-09-27 23:22:00,46.03,24.65,60.55,42.34,Barley
2024-09-27 23:23:00,53.9,31.5,43.26,96.32,Cotton
2024-09-27 23:24:00,59.19,21.19,59.73,34.56,Wheat
2024-09-27 23:25:00,56.69,34.68,48.22,72.19,Maize
2024-09-27 23:26:00,69.4,25.06,81.63,47.55,Rice
2024-09-27 23:27:00,46.59,31.33,34.52,70.27,Cotton
2024-09-27 23:28:00,61.03,16.29,54.21,34.74,Wheat
2024-09-27 23:29:00,48.71,33.84,32.04,89.7,Cotton
2024-09-27 23:30:00,68.87,24.14,98.53,54.45,Rice
2024-09-27 23:31:00,76.25,28.25,93.3,68.84,Sugarcane
2024-09-27 23:32:00,73.57,32.75,98.29,60.18,Sugarcane
2024-09-27 23:33:00,75.14,27.36,95.8,59.66,Sugarcane
2024-09-27 23:34:00,71.87,32.05,94.68,56.41,Sugarcane
2024-09-27 23:35:00,79.29,32.45,96.94,60.41,Sugarcane
2024-09-27 23:36:00,50.58,33.86,48.81,70.99,Maize
2024-09-27 23:37:00,56.89,21.79,66.02,34.23,Barley
2024-09-27 23:38:00,45.37,32.23,44.07,94.42,Cotton
2024-09-27 23:39:00,61.33,18.73,63.17,46.06,Wheat
2024-09-27 23:40:00,70.55,25.06,82.58,48.02,Rice
2024-09-27 23:41:00,55.44,22.74,58.69,67.06,Barley
2024-09-27 23:42:00,74.08,27.02,90.4,42.34,Rice
2024-09-27 23:43:00,66.83,25.42,88.97,58.42,Rice
2024-09-27 23:44:00,61.07,22.32,56.47,44.73,Wheat
2024-09-27 23:45:00,41.08,34.59,48.42,83.28,Cotton
2024-09-27 23:46:00,55.42,28.62,57.33,45.91,Barley
2024-09-27 23:47:00,72.59,29.6,88.92,52.77,Sugarcane
2024-09-27 23:48:00,78.51,30.51,90.01,67.46,Sugarcane
2024-09-27 23:49:00,73.8,30.14,85.74,54.97,Sugarcane
2024-09-27 23:50:00,50.67,29.37,55.77,88.22,Maize
2024-09-27 23:51:00,79.0,29.89,93.95,58.37,Sugarcane
2024-09-27 23:52:00,40.59,33.26,45.18,98.95,Cotton
2024-09-27 23:53:00,78.12,32.03,88.15,56.16,Sugarcane
2024-09-27 23:54:00,71.56,27.13,86.09,52.75,Sugarcane
2024-09-27 23:55:00,57.05,24.98,63.71,30.61,Wheat
2024-09-27 23:56:00,60.95,15.21,62.33,43.66,Wheat
2024-09-27 23:57:00,52.98,31.56,35.65,73.06,Cotton
2024-09-27 23:58:00,54.46,30.51,45.43,80.02,Cotton
2024-09-27 23:59:00,53.65,26.62,66.36,36.45,Barley
2024-09-28 00:00:00,60.65,19.8,51.28,34.31,Wheat
2024-09-28 00:01:00,54.81,20.63,66.56,46.73,Barley
2024-09-28 00:02:00,70.14,27.86,92.32,60.11,Sugarcane
2024-09-28 00:03:00,66.13,28.18,99.6,50.85,Rice
2024-09-28 00:04:00,53.24,25.21,42.78,98.51,Maize
2024-09-28 00:05:00,75.83,29.3,91.16,50.01,Sugarcane
2024-09-28 00:06:00,66.56,27.64,86.4,42.41,Rice
2024-09-28 00:07:00,48.68,27.57,64.17,62.94,Barley
2024-09-28 00:08:00,43.39,32.73,37.69,72.11,Cotton
2024-09-28 00:09:00,41.09,32.24,49.57,85.08,Cotton
2024-09-28 00:10:00,53.03,27.0,57.23,63.09,Barley
2024-09-28 00:11:00,55.48,24.93,72.97,47.04,Barley
2024-09-28 00:12:00,70.5,30.78,85.36,53.91,Sugarcane
2024-09-28 00:13:00,58.8,16.54,66.3,45.3,Wheat
2024-09-28 00:14:00,55.67,23.75,65.93,39.94,Wheat
2024-09-28 00:15:00,55.27,17.18,52.85,45.96,Wheat
2024-09-28 00:16:00,55.25,24.88,59.61,36.54,Wheat
2024-09-28 00:17:00,56.13,19.89,69.94,47.37,Wheat
2024-09-28 00:18:00,69.95,29.72,99.73,46.44,Rice
2024-09-28 00:19:00,45.11,33.15,45.85,90.18,Cotton
2024-09-28 00:20:00,56.92,32.94,59.68,92.95,Maize
2024-09-28 00:21:00,75.64,27.72,96.99,55.05,Sugarcane
2024-09-28 00:22:00,70.36,27.27,80.29,54.88,Rice
2024-09-28 00:23:00,58.99,20.68,63.61,32.44,Wheat
2024-09-28 00:24:00,71.6,28.82,84.8,58.17,Rice
2024-09-28 00:25:00,71.33,28.66,86.91,52.23,Rice
2024-09-28 00:26:00,68.64,26.85,89.01,48.78,Rice
2024-09-28 00:27:00,74.07,27.24,98.45,69.91,Sugarcane
2024-09-28 00:28:00,55.0,21.96,74.61,64.83,Barley
2024-09-28 00:29:00,53.59,31.37,33.26,77.81,Cotton
2024-09-28 00:30:00,59.4,25.97,55.8,34.75,Barley
2024-09-28 00:31:00,42.23,31.9,31.42,87.63,Cotton
2024-09-28 00:32:00,57.34,28.34,50.82,62.84,Maize
2024-09-28 00:33:00,56.37,29.83,46.08,77.24,Maize
2024-09-28 00:34:00,71.38,27.26,85.62,45.6,Rice
2024-09-28 00:35:00,40.35,34.46,34.57,82.98,Cotton
2024-09-28 00:36:00,53.23,32.38,44.94,64.43,Maize
2024-09-28 00:37:00,44.49,34.45,47.23,71.92,Cotton
2024-09-28 00:38:00,59.27,33.12,52.17,86.71,Maize
2024-09-28 00:39:00,58.62,25.81,61.28,68.99,Barley
2024-09-28 00:40:00,76.01,32.83,93.26,60.26,Sugarcane
2024-09-28 00:41:00,77.69,27.76,93.91,63.58,Sugarcane
2024-09-28 00:42:00,47.25,30.62,40.14,82.24,Cotton
2024-09-28 00:43:00,56.15,25.65,48.55,62.05,Maize
2024-09-28 00:44:00,59.72,19.02,59.83,43.53,Wheat
2024-09-28 00:45:00,56.25,24.44,53.27,35.39,Wheat
2024-09-28 00:46:00,55.99,24.91,50.66,37.77,Wheat
2024-09-28 00:47:00,44.82,34.03,45.72,74.78,Cotton
2024-09-28 00:48:00,50.88,34.19,57.0,95.16,Maize
2024-09-28 00:49:00,53.15,34.41,56.74,71.02,Maize
2024-09-28 00:50:00,72.41,30.68,99.35,65.29,Sugarcane
2024-09-28 00:51:00,61.51,21.78,67.37,41.35,Wheat
2024-09-28 00:52:00,59.52,20.96,54.6,40.31,Wheat
2024-09-28 00:53:00,52.11,24.55,71.78,46.53,Barley
2024-09-28 00:54:00,52.06,34.91,46.0,97.41,Cotton
2024-09-28 00:55:00,42.14,32.72,41.68,92.14,Cotton
2024-09-28 00:56:00,69.56,25.59,81.15,52.37,Rice
2024-09-28 00:57:00,48.96,24.19,60.76,53.33,Barley
2024-09-28 00:58:00,50.11,32.08,46.29,74.19,Maize
2024-09-28 00:59:00,56.41,21.95,71.42,44.99,Barley
2024-09-28 01:00:00,65.77,25.62,94.51,53.63,Rice
2024-09-28 01:01:00,78.66,30.96,95.13,66.59,Sugarcane
2024-09-28 01:02:00,55.2,19.18,61.19,40.89,Wheat
2024-09-28 01:03:00,63.96,16.86,52.09,39.27,Wheat
2024-09-28 01:04:00,61.65,23.37,61.57,42.03,Wheat
2024-09-28 01:05:00,54.33,31.45,43.89,89.48,Cotton
2024-09-28 01:06:00,52.43,32.37,43.22,94.69,Cotton
2024-09-28 01:07:00,54.31,22.78,58.01,67.54,Barley
2024-09-28 01:08:00,55.84,23.35,55.21,31.57,Barley
2024-09-28 01:09:00,71.84,27.87,94.12,45.38,Rice
2024-09-28 01:10:00,62.71,18.42,57.82,37.82,Wheat
2024-09-28 01:11:00,65.88,29.62,80.23,45.68,Rice
2024-09-28 01:12:00,74.87,25.76,99.26,45.7,Rice
2024-09-28 01:13:00,64.97,15.24,50.65,46.76,Wheat
2024-09-28 01:14:00,53.25,32.59,30.03,77.26,Cotton
2024-09-28 01:15:00,70.39,25.5,83.01,54.62,Rice
2024-09-28 01:16:00,78.96,29.99,85.36,67.51,Sugarcane
2024-09-28 01:17:00,50.98,33.4,47.05,71.8,Maize
2024-09-28 01:18:00,55.1,21.3,57.86,48.32,Barley
2024-09-28 01:19:00,61.64,22.91,65.53,31.88,Wheat
2024-09-28 01:20:00,49.04,26.67,63.68,31.61,Barley
2024-09-28 01:21:00,55.33,21.7,63.98,32.8,Barley
2024-09-28 01:22:00,63.19,22.08,59.08,44.35,Wheat
2024-09-28 01:23:00,48.3,28.97,73.94,63.77,Barley
2024-09-28 01:24:00,57.55,27.41,54.46,80.86,Maize
2024-09-28 01:25:00,55.31,21.34,54.94,34.33,Wheat
2024-09-28 01:26:00,51.59,22.41,73.54,32.01,Barley
2024-09-28 01:27:00,68.25,24.22,98.02,51.14,Rice
2024-09-28 01:28:00,56.38,23.55,70.02,36.41,Barley
2024-09-28 01:29:00,52.41,32.61,32.56,72.78,Cotton
2024-09-28 01:30:00,57.05,29.73,56.24,54.14,Barley
2024-09-28 01:31:00,58.97,20.13,63.79,31.46,Wheat
2024-09-28 01:32:00,46.0,20.85,71.54,60.1,Barley
2024-09-28 01:33:00,55.4,25.98,49.75,96.43,Maize
2024-09-28 01:34:00,74.11,28.85,86.48,67.14,Sugarcane
2024-09-28 01:35:00,74.43,24.28,95.38,47.18,Rice
2024-09-28 01:36:00,60.19,24.25,54.42,48.73,Wheat
2024-09-28 01:37:00,67.91,29.1,95.05,54.97,Rice
2024-09-28 01:38:00,41.87,30.56,41.82,74.64,Cotton
2024-09-28 01:39:00,54.03,30.08,49.02,80.25,Maize
2024-09-28 01:40:00,63.93,16.74,67.42,37.98,Wheat
2024-09-28 01:41:00,59.19,21.96,57.37,30.6,Wheat
2024-09-28 01:42:00,47.86,27.77,58.29,53.53,Barley
2024-09-28 01:43:00,54.22,31.73,39.23,82.83,Cotton
2024-09-28 01:44:00,79.58,30.43,98.98,59.21,Sugarcane
2024-09-28 01:45:00,41.66,33.37,43.94,77.45,Cotton
2024-09-28 01:46:00,57.82,22.77,70.46,68.32,Barley
2024-09-28 01:47:00,57.1,24.39,52.35,47.38,Wheat
2024-09-28 01:48:00,54.47,32.28,50.91,77.38,Maize
2024-09-28 01:49:00,50.81,30.9,44.78,89.74,Maize
2024-09-28 01:50:00,57.88,23.27,60.57,69.34,Barley
2024-09-28 01:51:00,73.66,27.98,80.22,47.29,Rice
2024-09-28 01:52:00,66.61,24.47,88.36,51.91,Rice
2024-09-28 01:53:00,63.39,24.88,59.03,32.24,Wheat
2024-09-28 01:54:00,51.16,26.32,43.29,69.5,Maize
2024-09-28 01:55:00,45.15,27.79,55.99,37.27,Barley
2024-09-28 01:56:00,51.53,30.38,30.85,72.05,Cotton
2024-09-28 01:57:00,57.59,21.96,56.79,42.16,Wheat
2024-09-28 01:58:00,45.84,33.33,48.39,78.29,Cotton
2024-09-28 01:59:00,44.05,31.04,43.13,76.16,Cotton
2024-09-28 02:00:00,50.61,30.04,36.91,70.66,Cotton
2024-09-28 02:01:00,52.39,29.13,57.65,76.44,Maize
2024-09-28 02:02:00,73.15,27.98,87.07,64.13,Sugarcane
2024-09-28 02:03:00,51.24,23.42,59.76,51.26,Barley
2024-09-28 02:04:00,50.0,24.88,71.03,52.28,Barley
2024-09-28 02:05:00,55.4,28.72,57.01,91.78,Maize
2024-09-28 02:06:00,73.32,29.38,96.03,58.81,Sugarcane
2024-09-28 02:07:00,48.05,24.23,55.38,46.13,Barley
2024-09-28 02:08:00,63.17,18.96,64.28,41.6,Wheat
2024-09-28 02:09:00,45.78,34.83,49.87,82.96,Cotton
2024-09-28 02:10:00,61.95,20.82,51.47,49.83,Wheat
2024-09-28 02:11:00,57.07,20.71,63.86,56.84,Barley
2024-09-28 02:12:00,57.58,17.6,59.96,40.78,Wheat
2024-09-28 02:13:00,73.63,29.34,92.59,56.34,Rice
2024-09-28 02:14:00,74.7,28.15,99.0,55.99,Rice
2024-09-28 02:15:00,48.13,30.53,45.09,99.12,Cotton
2024-09-28 02:16:00,56.59,22.11,60.22,62.22,Barley
2024-09-28 02:17:00,72.26,29.15,93.35,58.64,Rice
2024-09-28 02:18:00,54.47,20.53,74.99,32.74,Barley
2024-09-28 02:19:00,77.8,27.97,98.0,57.67,Sugarcane
2024-09-28 02:20:00,58.51,24.9,55.65,49.7,Barley
2024-09-28 02:21:00,64.21,15.39,65.9,31.14,Wheat
2024-09-28 02:22:00,68.11,27.47,91.69,58.59,Rice
2024-09-28 02:23:00,67.49,29.86,83.25,59.8,Rice
2024-09-28 02:24:00,64.17,24.73,58.62,35.48,Wheat
2024-09-28 02:25:00,59.95,32.22,43.04,65.26,Maize
2024-09-28 02:26:00,49.72,31.05,49.41,90.55,Cotton
2024-09-28 02:27:00,52.05,32.5,48.94,92.93,Cotton
2024-09-28 02:28:00,70.16,30.95,85.89,53.37,Sugarcane
2024-09-28 02:29:00,76.92,27.98,87.42,55.41,Sugarcane
2024-09-28 02:30:00,44.33,30.83,35.78,73.04,Cotton
2024-09-28 02:31:00,51.21,25.03,50.1,88.56,Maize
2024-09-28 02:32:00,70.01,31.89,87.71,53.36,Sugarcane
2024-09-28 02:33:00,72.72,28.68,89.03,52.41,Sugarcane
2024-09-28 02:34:00,54.55,27.25,61.0,61.49,Barley
2024-09-28 02:35:00,73.93,24.94,99.75,42.49,Rice
2024-09-28 02:36:00,58.89,22.44,62.63,35.5,Wheat
2024-09-28 02:37:00,75.93,29.29,93.33,58.61,Sugarcane
2024-09-28 02:38:00,75.49,31.58,98.2,65.09,Sugarcane
2024-09-28 02:39:00,49.05,30.83,30.23,96.45,Cotton
2024-09-28 02:40:00,67.12,25.35,91.47,41.64,Rice
2024-09-28 02:41:00,53.12,32.61,43.16,80.51,Maize
2024-09-28 02:42:00,50.62,25.93,53.36,98.2,Maize
2024-09-28 02:43:00,49.04,33.16,39.62,75.97,Cotton
2024-09-28 02:44:00,50.19,29.4,49.19,87.15,Maize
2024-09-28 02:45:00,58.78,27.14,50.39,75.38,Maize
2024-09-28 02:46:00,40.58,31.35,30.24,82.14,Cotton
2024-09-28 02:47:00,50.84,28.81,70.5,57.1,Barley
2024-09-28 02:48:00,50.6,26.21,51.2,81.63,Maize
2024-09-28 02:49:00,56.55,17.39,57.85,49.54,Wheat
2024-09-28 02:50:00,74.29,29.41,91.28,50.94,Sugarcane
2024-09-28 02:51:00,65.51,26.25,90.41,58.13,Rice
2024-09-28 02:52:00,53.35,29.29,59.15,57.35,Barley
2024-09-28 02:53:00,50.69,28.5,45.44,89.6,Maize
2024-09-28 02:54:00,72.89,29.38,97.46,56.26,Sugarcane
2024-09-28 02:55:00,58.14,31.42,57.64,85.46,Maize
2024-09-28 02:56:00,72.61,28.94,85.55,50.15,Rice
2024-09-28 02:57:00,50.26,26.23,72.7,49.36,Barley
2024-09-28 02:58:00,58.73,17.96,63.9,41.34,Wheat
2024-09-28 02:59:00,71.01,24.03,98.11,50.07,Rice
2024-09-28 03:00:00,63.3,21.08,61.35,34.55,Wheat
2024-09-28 03:01:00,73.27,27.87,99.65,54.82,Sugarcane
2024-09-28 03:02:00,71.18,31.71,98.99,56.82,Sugarcane
2024-09-28 03:03:00,50.38,26.86,46.11,92.9,Maize
2024-09-28 03:04:00,55.51,16.07,60.3,42.84,Wheat
2024-09-28 03:05:00,61.88,21.88,65.47,43.9,Wheat
2024-09-28 03:06:00,47.92,22.99,65.03,38.91,Barley
2024-09-28 03:07:00,69.97,25.04,84.57,54.95,Rice
2024-09-28 03:08:00,53.03,31.2,59.34,84.32,Maize
2024-09-28 03:09:00,65.75,26.16,84.47,43.73,Rice
2024-09-28 03:10:00,55.21,29.39,50.47,83.31,Maize
2024-09-28 03:11:00,43.89,34.78,45.75,82.68,Cotton
2024-09-28 03:12:00,49.87,25.74,66.92,42.26,Barley
2024-09-28 03:13:00,60.19,16.59,68.01,42.22,Wheat
2024-09-28 03:14:00,40.46,34.21,30.18,72.05,Cotton
2024-09-28 03:15:00,51.5,30.72,49.43,83.09,Maize
2024-09-28 03:16:00,72.02,32.82,95.96,53.38,Sugarcane
2024-09-28 03:17:00,65.64,24.56,92.55,53.37,Rice
2024-09-28 03:18:00,47.15,32.3,44.69,74.81,Cotton
2024-09-28 03:19:00,69.32,27.9,93.45,56.12,Rice
2024-09-28 03:20:00,55.48,32.86,54.98,65.69,Maize
2024-09-28 03:21:00,56.95,30.65,55.44,62.84,Maize
2024-09-28 03:22:00,79.96,29.9,89.69,66.55,Sugarcane
2024-09-28 03:23:00,74.7,25.77,95.54,41.74,Rice
2024-09-28 03:24:00,62.33,21.32,67.09,44.74,Wheat
2024-09-28 03:25:00,40.21,34.79,40.89,86.33,Cotton
2024-09-28 03:26:00,59.15,21.16,62.52,33.54,Wheat
2024-09-28 03:27:00,68.18,27.96,99.4,41.33,Rice
2024-09-28 03:28:00,66.38,25.69,85.16,52.82,Rice
2024-09-28 03:29:00,51.01,28.55,48.36,72.37,Maize
2024-09-28 03:30:00,70.25,28.48,86.57,45.54,Rice
2024-09-28 03:31:00,61.59,21.8,69.73,45.25,Wheat
2024-09-28 03:32:00,58.83,22.53,67.47,34.24,Wheat
2024-09-28 03:33:00,73.97,26.48,92.82,51.72,Rice
2024-09-28 03:34:00,76.8,27.52,90.73,69.13,Sugarcane
2024-09-28 03:35:00,58.62,22.25,59.46,44.09,Wheat
2024-09-28 03:36:00,56.2,28.27,45.54,64.55,Maize
2024-09-28 03:37:00,47.82,24.89,66.33,51.99,Barley
2024-09-28 03:38:00,50.83,31.0,38.39,78.13,Cotton
2024-09-28 03:39:00,56.18,19.81,51.44,33.63,Wheat
2024-09-28 03:40:00,46.74,33.97,46.34,77.5,Cotton
2024-09-28 03:41:00,65.74,27.9,91.08,47.96,Rice
2024-09-28 03:42:00,42.11,30.02,42.81,78.63,Cotton
2024-09-28 03:43:00,50.61,33.77,44.04,94.97,Maize
2024-09-28 03:44:00,59.87,24.56,53.19,48.69,Wheat
2024-09-28 03:45:00,56.23,29.98,60.71,43.9,Barley
2024-09-28 03:46:00,56.82,16.1,59.6,38.14,Wheat
2024-09-28 03:47:00,74.25,27.77,89.85,45.04,Rice
2024-09-28 03:48:00,50.63,21.97,73.66,51.61,Barley
2024-09-28 03:49:00,54.88,29.21,46.96,62.66,Maize
2024-09-28 03:50:00,54.71,33.87,38.5,70.25,Cotton
2024-09-28 03:51:00,56.56,19.28,52.1,43.35,Wheat
2024-09-28 03:52:00,50.85,31.57,48.94,73.84,Maize
2024-09-28 03:53:00,70.28,30.57,91.29,69.65,Sugarcane
2024-09-28 03:54:00,60.97,20.41,61.86,40.93,Wheat
2024-09-28 03:55:00,60.83,24.28,60.83,36.82,Wheat
2024-09-28 03:56:00,63.98,22.99,52.5,41.41,Wheat
2024-09-28 03:57:00,55.18,23.51,53.99,33.62,Wheat
2024-09-28 03:58:00,52.34,33.56,33.59,79.23,Cotton
2024-09-28 03:59:00,59.24,23.07,59.77,43.28,Wheat
2024-09-28 04:00:00,76.34,30.86,89.6,68.58,Sugarcane
2024-09-28 04:01:00,72.3,26.79,80.91,51.43,Rice
2024-09-28 04:02:00,55.54,32.55,49.25,80.7,Maize
2024-09-28 04:03:00,47.31,33.91,32.05,81.05,Cotton
2024-09-28 04:04:00,54.38,29.3,52.86,91.56,Maize
2024-09-28 04:05:00,56.25,21.3,64.42,51.86,Barley
2024-09-28 04:06:00,46.76,25.66,56.74,53.11,Barley
2024-09-28 04:07:00,53.76,21.01,58.71,40.64,Barley
2024-09-28 04:08:00,76.74,31.88,99.24,63.42,Sugarcane
2024-09-28 04:09:00,61.72,15.89,64.05,32.4,Wheat
2024-09-28 04:10:00,46.11,30.73,40.18,89.99,Cotton
2024-09-28 04:11:00,46.81,30.31,44.37,71.56,Cotton
2024-09-28 04:12:00,53.13,28.83,59.69,47.14,Barley
2024-09-28 04:13:00,72.26,29.35,93.63,62.63,Sugarcane
2024-09-28 04:14:00,75.32,29.39,96.37,66.38,Sugarcane
2024-09-28 04:15:00,41.84,30.25,38.75,73.31,Cotton
2024-09-28 04:16:00,47.1,29.68,58.26,57.52,Barley
2024-09-28 04:17:00,58.02,34.33,44.8,64.82,Maize
2024-09-28 04:18:00,54.97,32.42,37.86,95.15,Cotton
2024-09-28 04:19:00,74.72,24.59,82.58,47.54,Rice
2024-09-28 04:20:00,72.3,28.51,87.66,67.17,Sugarcane
2024-09-28 04:21:00,56.79,19.67,60.35,37.33,Wheat
2024-09-28 04:22:00,45.82,31.57,37.14,93.51,Cotton
2024-09-28 04:23:00,56.37,24.69,54.97,31.59,Wheat
2024-09-28 04:24:00,54.6,28.68,57.88,88.09,Maize
2024-09-28 04:25:00,53.97,33.42,53.02,72.68,Maize
2024-09-28 04:26:00,46.0,24.69,71.69,46.01,Barley
2024-09-28 04:27:00,46.04,30.67,47.13,71.69,Cotton
2024-09-28 04:28:00,73.02,28.21,97.37,43.21,Rice
2024-09-28 04:29:00,52.35,31.56,46.99,83.73,Maize
2024-09-28 04:30:00,55.39,20.57,65.63,31.15,Barley
2024-09-28 04:31:00,57.87,27.99,44.54,86.92,Maize
2024-09-28 04:32:00,45.38,32.29,33.63,83.77,Cotton
2024-09-28 04:33:00,57.08,15.58,50.63,40.38,Wheat
2024-09-28 04:34:00,73.07,27.3,91.88,58.77,Rice
2024-09-28 04:35:00,76.19,29.73,90.99,52.63,Sugarcane
2024-09-28 04:36:00,68.68,26.33,94.08,43.03,Rice
2024-09-28 04:37:00,73.87,28.51,83.85,53.93,Rice
2024-09-28 04:38:00,77.6,27.75,88.69,68.19,Sugarcane
2024-09-28 04:39:00,69.72,27.54,97.81,43.74,Rice
2024-09-28 04:40:00,73.6,28.14,96.96,60.21,Sugarcane
2024-09-28 04:41:00,47.41,24.11,66.43,57.68,Barley
2024-09-28 04:42:00,60.26,17.2,69.93,35.45,Wheat
2024-09-28 04:43:00,56.41,17.3,54.26,39.78,Wheat
2024-09-28 04:44:00,72.72,28.86,80.24,43.47,Rice
2024-09-28 04:45:00,57.72,15.76,63.01,32.44,Wheat
2024-09-28 04:46:00,70.03,24.27,93.43,50.87,Rice
2024-09-28 04:47:00,78.24,31.38,90.9,63.65,Sugarcane
2024-09-28 04:48:00,68.38,24.7,91.11,50.46,Rice
2024-09-28 04:49:00,58.44,26.49,73.21,63.35,Barley
2024-09-28 04:50:00,59.23,25.09,42.11,98.86,Maize
2024-09-28 04:51:00,78.18,32.99,95.38,66.73,Sugarcane
2024-09-28 04:52:00,72.8,28.53,80.82,58.45,Rice
2024-09-28 04:53:00,58.42,29.32,51.22,61.39,Maize
2024-09-28 04:54:00,68.01,26.6,93.43,50.05,Rice
2024-09-28 04:55:00,54.97,30.45,49.18,77.74,Maize
2024-09-28 04:56:00,66.87,25.04,96.21,59.3,Rice
2024-09-28 04:57:00,60.6,22.38,51.45,30.96,Wheat
2024-09-28 04:58:00,70.45,31.82,93.46,69.52,Sugarcane
2024-09-28 04:59:00,54.54,26.18,53.02,60.47,Maize
2024-09-28 05:00:00,75.66,28.11,99.95,69.78,Sugarcane
2024-09-28 05:01:00,48.34,25.87,67.55,38.85,Barley
2024-09-28 05:02:00,47.42,26.24,59.41,44.5,Barley
2024-09-28 05:03:00,70.3,28.5,82.56,49.24,Rice
2024-09-28 05:04:00,58.0,26.85,55.53,94.33,Maize
2024-09-28 05:05:00,54.85,20.67,69.32,40.88,Barley
2024-09-28 05:06:00,77.38,29.8,87.69,62.91,Sugarcane
2024-09-28 05:07:00,55.27,24.69,68.72,39.58,Wheat
2024-09-28 05:08:00,53.41,26.68,58.21,57.03,Barley
2024-09-28 05:09:00,43.02,31.48,41.6,78.02,Cotton
2024-09-28 05:10:00,73.43,29.66,87.58,64.37,Sugarcane
2024-09-28 05:11:00,51.43,33.91,48.37,73.4,Cotton
2024-09-28 05:12:00,52.79,25.81,70.01,45.24,Barley
2024-09-28 05:13:00,71.91,29.07,82.94,44.59,Rice
2024-09-28 05:14:00,56.14,29.96,55.32,84.04,Maize
2024-09-28 05:15:00,61.44,15.42,65.6,47.57,Wheat
2024-09-28 05:16:00,41.08,34.8,31.03,80.71,Cotton
2024-09-28 05:17:00,54.16,20.4,74.4,32.11,Barley
2024-09-28 05:18:00,57.09,31.46,41.63,64.6,Maize
2024-09-28 05:19:00,64.14,19.95,63.6,43.62,Wheat
2024-09-28 05:20:00,72.13,24.22,92.4,48.51,Rice
2024-09-28 05:21:00,69.89,24.98,91.22,46.7,Rice
2024-09-28 05:22:00,40.13,31.23,45.08,98.54,Cotton
2024-09-28 05:23:00,76.32,30.35,99.48,57.54,Sugarcane
2024-09-28 05:24:00,48.09,26.91,65.21,52.03,Barley
2024-09-28 05:25:00,53.06,30.8,43.24,70.3,Maize
2024-09-28 05:26:00,55.85,17.33,52.62,43.85,Wheat
2024-09-28 05:27:00,57.38,22.3,65.65,43.38,Barley
2024-09-28 05:28:00,73.15,30.4,96.49,55.83,Sugarcane
2024-09-28 05:29:00,74.86,24.42,97.53,42.79,Rice
2024-09-28 05:30:00,59.01,19.21,50.23,49.99,Wheat
2024-09-28 05:31:00,69.1,27.1,98.22,46.45,Rice
2024-09-28 05:32:00,51.1,31.36,49.01,81.36,Maize
2024-09-28 05:33:00,72.97,31.14,90.03,56.05,Sugarcane
2024-09-28 05:34:00,67.22,28.55,99.99,56.29,Rice
2024-09-28 05:35:00,51.07,34.71,44.19,76.01,Cotton
2024-09-28 05:36:00,71.72,24.16,82.68,52.4,Rice
2024-09-28 05:37:00,77.94,31.6,96.74,63.25,Sugarcane
2024-09-28 05:38:00,65.06,29.2,80.86,41.6,Rice
2024-09-28 05:39:00,59.6,31.43,42.84,96.1,Maize
2024-09-28 05:40:00,78.49,29.07,96.7,60.89,Sugarcane
2024-09-28 05:41:00,50.68,32.33,55.86,60.31,Maize
2024-09-28 05:42:00,59.09,15.18,50.79,38.08,Wheat
2024-09-28 05:43:00,55.63,29.75,69.12,30.26,Barley
2024-09-28 05:44:00,76.73,27.43,89.55,53.74,Sugarcane
2024-09-28 05:45:00,67.4,29.14,97.04,58.8,Rice
2024-09-28 05:46:00,56.73,21.67,62.45,69.61,Barley
2024-09-28 05:47:00,47.67,34.82,33.03,75.66,Cotton
2024-09-28 05:48:00,54.91,32.36,47.34,78.92,Cotton
2024-09-28 05:49:00,52.61,25.06,68.82,35.42,Barley
2024-09-28 05:50:00,66.87,29.43,88.75,57.54,Rice
2024-09-28 05:51:00,57.97,20.07,68.18,31.91,Wheat
2024-09-28 05:52:00,45.03,26.54,71.9,62.94,Barley
2024-09-28 05:53:00,73.04,26.45,87.53,56.61,Rice
2024-09-28 05:54:00,48.51,23.89,64.72,42.13,Barley
2024-09-28 05:55:00,48.89,28.6,71.53,39.04,Barley
2024-09-28 05:56:00,58.53,20.32,56.32,55.19,Barley
2024-09-28 05:57:00,47.49,28.37,59.99,38.36,Barley
2024-09-28 05:58:00,62.38,18.19,69.68,42.78,Wheat
2024-09-28 05:59:00,54.36,31.14,49.7,72.43,Cotton
2024-09-28 06:00:00,46.66,34.11,34.42,88.11,Cotton
2024-09-28 06:01:00,54.82,33.53,39.54,90.22,Cotton
2024-09-28 06:02:00,58.56,23.18,52.63,38.47,Wheat
2024-09-28 06:03:00,63.3,20.66,64.54,35.13,Wheat
2024-09-28 06:04:00,50.97,32.99,45.13,71.89,Maize
2024-09-28 06:05:00,66.22,29.64,81.7,40.4,Rice
2024-09-28 06:06:00,52.01,25.42,54.62,72.05,Maize
2024-09-28 06:07:00,66.74,25.91,98.99,43.0,Rice
2024-09-28 06:08:00,65.31,24.31,93.96,50.65,Rice
2024-09-28 06:09:00,54.5,27.7,41.59,78.25,Maize
2024-09-28 06:10:00,75.77,31.7,99.12,62.97,Sugarcane
2024-09-28 06:11:00,49.4,30.01,34.49,75.98,Cotton
2024-09-28 06:12:00,58.32,25.68,66.9,60.1,Barley
2024-09-28 06:13:00,58.19,23.28,57.09,67.22,Barley
2024-09-28 06:14:00,51.28,26.22,41.35,62.55,Maize
2024-09-28 06:15:00,56.24,31.13,42.3,99.82,Maize
2024-09-28 06:16:00,73.32,27.91,99.01,52.56,Rice
2024-09-28 06:17:00,73.08,29.78,97.32,48.24,Rice
2024-09-28 06:18:00,48.12,34.75,45.22,72.03,Cotton
2024-09-28 06:19:00,70.11,25.49,97.29,43.27,Rice
2024-09-28 06:20:00,51.35,26.88,52.69,61.47,Maize
2024-09-28 06:21:00,73.17,25.69,81.52,51.67,Rice
2024-09-28 06:22:00,56.04,23.79,50.2,30.12,Wheat
2024-09-28 06:23:00,45.93,30.68,40.33,70.45,Cotton
2024-09-28 06:24:00,59.55,30.18,57.11,77.2,Maize
2024-09-28 06:25:00,76.76,32.7,91.45,50.0,Sugarcane
2024-09-28 06:26:00,50.12,30.98,54.24,84.5,Maize
2024-09-28 06:27:00,50.84,30.12,36.06,76.43,Cotton
2024-09-28 06:28:00,74.22,27.34,89.85,42.55,Rice
2024-09-28 06:29:00,73.15,29.48,97.82,50.49,Rice
2024-09-28 06:30:00,46.15,26.24,58.81,64.74,Barley
2024-09-28 06:31:00,69.27,28.43,89.37,56.84,Rice
2024-09-28 06:32:00,52.26,20.85,61.8,59.13,Barley
2024-09-28 06:33:00,48.15,31.58,37.06,90.28,Cotton
2024-09-28 06:34:00,64.2,19.74,62.77,49.3,Wheat
2024-09-28 06:35:00,70.9,32.25,94.39,65.04,Sugarcane
2024-09-28 06:36:00,79.46,32.9,98.7,66.88,Sugarcane
2024-09-28 06:37:00,70.95,29.65,88.31,51.95,Sugarcane
2024-09-28 06:38:00,56.95,30.93,52.31,75.78,Maize
2024-09-28 06:39:00,64.46,17.87,55.83,45.65,Wheat
2024-09-28 06:40:00,76.73,30.5,89.73,68.9,Sugarcane
2024-09-28 06:41:00,45.76,31.8,39.98,91.98,Cotton
2024-09-28 06:42:00,71.26,30.89,87.0,52.11,Sugarcane
2024-09-28 06:43:00,56.8,26.35,51.21,65.7,Maize
2024-09-28 06:44:00,61.53,21.13,51.76,37.92,Wheat
2024-09-28 06:45:00,66.71,27.02,95.23,57.9,Rice
2024-09-28 06:46:00,50.58,29.49,53.09,99.71,Maize
2024-09-28 06:47:00,54.61,29.58,40.66,96.67,Maize
2024-09-28 06:48:00,44.14,31.34,36.63,92.1,Cotton
2024-09-28 06:49:00,65.41,25.17,98.08,46.84,Rice
2024-09-28 06:50:00,54.81,30.17,56.43,86.74,Maize
2024-09-28 06:51:00,55.33,27.65,58.13,60.72,Maize
2024-09-28 06:52:00,52.55,33.73,53.88,77.86,Maize
2024-09-28 06:53:00,68.58,28.21,99.39,59.39,Rice
2024-09-28 06:54:00,57.57,28.07,58.66,68.79,Barley
2024-09-28 06:55:00,50.71,25.57,50.93,85.83,Maize
2024-09-28 06:56:00,71.33,32.27,95.37,58.35,Sugarcane
2024-09-28 06:57:00,74.79,30.4,93.51,56.88,Sugarcane
2024-09-28 06:58:00,67.58,28.41,92.67,43.63,Rice
2024-09-28 06:59:00,54.34,30.08,38.33,83.02,Cotton
2024-09-28 07:00:00,57.37,26.84,52.68,64.92,Maize
2024-09-28 07:01:00,42.4,33.94,48.52,78.57,Cotton
2024-09-28 07:02:00,52.6,26.47,47.16,74.48,Maize
2024-09-28 07:03:00,57.22,28.9,68.17,40.86,Barley
2024-09-28 07:04:00,70.0,30.59,85.3,58.88,Sugarcane
2024-09-28 07:05:00,47.8,31.3,37.93,79.8,Cotton
2024-09-28 07:06:00,67.0,29.84,88.83,49.25,Rice
2024-09-28 07:07:00,79.79,27.37,87.38,66.78,Sugarcane
2024-09-28 07:08:00,62.99,15.67,54.72,43.85,Wheat
2024-09-28 07:09:00,56.01,32.76,41.25,90.96,Maize
2024-09-28 07:10:00,73.06,30.03,94.68,54.67,Sugarcane
2024-09-28 07:11:00,72.93,30.48,97.92,56.9,Sugarcane
2024-09-28 07:12:00,67.59,24.09,96.26,42.4,Rice
2024-09-28 07:13:00,59.96,28.03,68.57,45.16,Barley
2024-09-28 07:14:00,64.85,17.21,58.52,34.12,Wheat
2024-09-28 07:15:00,72.33,31.41,92.08,54.98,Sugarcane
2024-09-28 07:16:00,59.66,30.54,58.3,92.1,Maize
2024-09-28 07:17:00,45.23,31.94,46.55,88.91,Cotton
2024-09-28 07:18:00,51.52,28.38,43.02,67.41,Maize
2024-09-28 07:19:00,65.07,26.52,81.13,44.03,Rice
2024-09-28 07:20:00,55.85,26.1,69.49,36.27,Barley
2024-09-28 07:21:00,42.01,30.95,47.43,81.78,Cotton
2024-09-28 07:22:00,54.5,31.84,34.81,84.49,Cotton
2024-09-28 07:23:00,51.33,26.6,50.77,65.6,Maize
2024-09-28 07:24:00,72.96,31.97,92.44,58.3,Sugarcane
2024-09-28 07:25:00,67.28,29.73,96.77,51.49,Rice
2024-09-28 07:26:00,57.95,32.48,59.44,94.09,Maize
2024-09-28 07:27:00,79.93,32.47,98.84,67.23,Sugarcane
2024-09-28 07:28:00,74.51,24.5,98.05,45.57,Rice
2024-09-28 07:29:00,47.33,31.06,30.72,72.27,Cotton
2024-09-28 07:30:00,43.27,31.38,33.23,70.36,Cotton
2024-09-28 07:31:00,57.69,15.87,53.64,35.7,Wheat
2024-09-28 07:32:00,75.78,28.99,88.61,66.24,Sugarcane
2024-09-28 07:33:00,55.18,32.3,53.3,87.54,Maize
2024-09-28 07:34:00,53.03,33.16,49.69,96.39,Maize
2024-09-28 07:35:00,71.49,27.65,99.84,65.03,Sugarcane
2024-09-28 07:36:00,55.41,23.6,70.95,54.56,Barley
2024-09-28 07:37:00,72.56,25.94,96.45,56.2,Rice
2024-09-28 07:38:00,51.43,30.05,45.42,81.97,Cotton
2024-09-28 07:39:00,51.31,31.76,54.39,64.58,Maize
2024-09-28 07:40:00,71.78,24.6,90.28,42.21,Rice
2024-09-28 07:41:00,58.95,25.81,58.77,83.29,Maize
2024-09-28 07:42:00,67.81,29.26,99.24,42.04,Rice
2024-09-28 07:43:00,53.36,27.62,64.28,48.0,Barley
2024-09-28 07:44:00,51.18,27.15,63.6,52.49,Barley
2024-09-28 07:45:00,51.95,33.25,54.63,74.76,Maize
2024-09-28 07:46:00,72.76,29.03,90.37,69.23,Sugarcane
2024-09-28 07:47:00,68.89,27.69,82.35,47.12,Rice
2024-09-28 07:48:00,55.03,29.01,59.29,71.23,Maize
2024-09-28 07:49:00,43.63,34.76,44.37,94.86,Cotton
2024-09-28 07:50:00,55.55,24.15,63.09,39.04,Wheat
2024-09-28 07:51:00,72.85,27.46,88.48,65.66,Sugarcane
2024-09-28 07:52:00,74.37,28.89,89.84,54.4,Rice
2024-09-28 07:53:00,63.68,23.89,54.94,31.21,Wheat
2024-09-28 07:54:00,53.4,31.47,36.08,88.4,Cotton
2024-09-28 07:55:00,54.08,26.78,71.55,54.51,Barley
2024-09-28 07:56:00,55.99,20.14,58.5,49.09,Barley
2024-09-28 07:57:00,54.72,28.63,74.23,35.86,Barley
2024-09-28 07:58:00,73.24,32.41,94.23,56.98,Sugarcane
2024-09-28 07:59:00,53.76,28.35,53.52,73.73,Maize
